[
  {
    "id": 1,
    "first_name": "john",
    "last_name": "smith",
    "user_name": "johnsmith23",
    "email": "johnsmith112@gmail.com",
    "password": "password123"
  },
  {
    "id": 2,
    "first_name": "ekam",
    "last_name": "a",
    "user_name": "ekama",
    "email": "ekam@a.com",
    "password": "MTIz\n"
  },
  {
    "id": 3,
    "first_name": "gh",
    "last_name": "gh",
    "user_name": "ghgh21",
    "email": "g@g.com",
    "password": "ZzE=\n"
  },
  {
    "id": 4,
    "first_name": "mike",
    "last_name": "h",
    "user_name": "mikeh86",
    "email": "m@h.com",
    "password": "MTIz\n"
  }
]