[
  {
    "user_id": 4,
    "order_id": 1,
    "provider_order_id": null,
    "service_id": 470,
    "service_name": "⭐👍 Instagram Likes [MQ] [Fast]",
    "link": "link.com",
    "quantity": 500,
    "status": "pending",
    "start_count": null,
    "remains": 0,
    "charge": 0,
    "currency": null
  },
  {
    "user_id": 4,
    "order_id": 2,
    "provider_order_id": 29958,
    "service_id": 470,
    "service_name": "⭐👍 Instagram Likes [MQ] [Fast]",
    "link": "123",
    "quantity": 270,
    "status": "pending",
    "start_count": null,
    "remains": 270,
    "charge": 0,
    "currency": "USD"
  },
  {
    "user_id": 2,
    "order_id": 3,
    "provider_order_id": 29959,
    "service_id": 374,
    "service_name": "🔗 API TEST[NO CREDIT REQUIRED]",
    "link": "pop.com",
    "quantity": 100,
    "status": "pending",
    "start_count": null,
    "remains": 100,
    "charge": 0,
    "currency": "USD"
  },
  {
    "user_id": 2,
    "order_id": 4,
    "provider_order_id": 29962,
    "service_id": 374,
    "service_name": "🔗 API TEST [NO CREDIT REQUIRED]",
    "link": "l",
    "quantity": 100,
    "status": "Pending",
    "start_count": null,
    "remains": 100,
    "charge": 0,
    "currency": "USD"
  },
  {
    "user_id": 2,
    "order_id": 5,
    "provider_order_id": 29979,
    "service_id": 232,
    "service_name": "🔥💬 Instagram 𝗩𝗘𝗥𝗜𝗙𝗜𝗘𝗗 Random Comments (𝐔𝐒𝐀/𝐄𝐮𝐫𝐨𝐩𝐞) [$1.40 Per Comment] ✅",
    "link": ";",
    "quantity": 3,
    "status": "Pending",
    "start_count": null,
    "remains": 3,
    "charge": 4,
    "currency": "USD"
  }
]