[{"service":"232","name":"🔥💬 Instagram 𝗩𝗘𝗥𝗜𝗙𝗜𝗘𝗗 Random Comments (𝐔𝐒𝐀/𝐄𝐮𝐫𝐨𝐩𝐞) [$1.40 Per Comment] ✅","type":"Default","rate":"1400.00","min":"1","max":"20","dripfeed":false,"refill":false,"category":"✅ 𝗜𝗻𝘀𝘁𝗮𝗴𝗿𝗮𝗺 𝗩𝗲𝗿𝗶𝗳𝗶𝗲𝗱 𝗦𝗲𝗿𝘃𝗶𝗰𝗲𝘀 🆕"},{"service":"259","name":"🔥💬 Instagram 𝗩𝗘𝗥𝗜𝗙𝗜𝗘𝗗 Custom Comments (𝐔𝐒𝐀/𝐄𝐮𝐫𝐨𝐩𝐞) [$2 Per Comment] ✅","type":"Custom Comments","rate":"2000.00","min":"1","max":"20","dripfeed":false,"refill":false,"category":"✅ 𝗜𝗻𝘀𝘁𝗮𝗴𝗿𝗮𝗺 𝗩𝗲𝗿𝗶𝗳𝗶𝗲𝗱 𝗦𝗲𝗿𝘃𝗶𝗰𝗲𝘀 🆕"},{"service":"472","name":"🔋💬 Instagram 𝗩𝗘𝗥𝗜𝗙𝗜𝗘𝗗 Power Comments (𝐔𝐒𝐀/𝐄𝐮𝐫𝐨𝐩𝐞) [$2.50 Per Comment] (𝗘𝘅𝗽𝗹𝗼𝗿𝗲𝗿 𝗣𝗮𝗴𝗲) ✅","type":"Default","rate":"2500.00","min":"1","max":"20","dripfeed":false,"refill":false,"category":"✅ 𝗜𝗻𝘀𝘁𝗮𝗴𝗿𝗮𝗺 𝗩𝗲𝗿𝗶𝗳𝗶𝗲𝗱 𝗦𝗲𝗿𝘃𝗶𝗰𝗲𝘀 🆕"},{"service":"231","name":"🔥👥 Instagram 𝗩𝗘𝗥𝗜𝗙𝗜𝗘𝗗 Followers (𝐔𝐒𝐀/𝐄𝐮𝐫𝐨𝐩𝐞) [$5 Per Follower] ✅","type":"Default","rate":"5000.00","min":"1","max":"20","dripfeed":false,"refill":false,"category":"✅ 𝗜𝗻𝘀𝘁𝗮𝗴𝗿𝗮𝗺 𝗩𝗲𝗿𝗶𝗳𝗶𝗲𝗱 𝗦𝗲𝗿𝘃𝗶𝗰𝗲𝘀 🆕"},{"service":"402","name":"⭐👥🇩🇪 Instagram 𝗚𝗘𝗥𝗠𝗔𝗡 Followers [HQ] [Fast]","type":"Default","rate":"155.87","min":"100","max":"20000","dripfeed":false,"refill":false,"category":"💎 Instagram Premium Services"},{"service":"393","name":"🔥👥🇫🇷 Instagram 𝗙𝗥𝗘𝗡𝗖𝗛 Followers [Real] [Fast] (Non-Drop)","type":"Default","rate":"632.50","min":"5","max":"200","dripfeed":false,"refill":false,"category":"💎 Instagram Premium Services"},{"service":"394","name":"🔥👥🇺🇸🇬🇧 Instagram 𝗨𝗦𝗔/𝗨𝗞 Followers [Real] [Fast] (Non-Drop)","type":"Default","rate":"632.50","min":"5","max":"150","dripfeed":false,"refill":false,"category":"💎 Instagram Premium Services"},{"service":"395","name":"🔥👥🇩🇪 Instagram 𝗚𝗘𝗥𝗠𝗔𝗡 Followers [Real] [Fast] (Non-Drop)","type":"Default","rate":"632.50","min":"5","max":"200","dripfeed":false,"refill":false,"category":"💎 Instagram Premium Services"},{"service":"396","name":"🔥👥🇸🇪 Instagram 𝗦𝗪𝗘𝗗𝗜𝗦𝗛 Followers [Real] [Fast] (Non-Drop)","type":"Default","rate":"632.50","min":"5","max":"150","dripfeed":false,"refill":false,"category":"💎 Instagram Premium Services"},{"service":"398","name":"🔥👍🇫🇷 Instagram 𝗙𝗥𝗘𝗡𝗖𝗛 Likes [Real] [Fast] (Non-Drop)","type":"Default","rate":"189.75","min":"5","max":"200","dripfeed":false,"refill":false,"category":"💎 Instagram Premium Services"},{"service":"399","name":"🔥👍🇺🇸🇬🇧 Instagram 𝗨𝗦𝗔/𝗨𝗞 Likes [Real] [Fast] (Non-Drop)","type":"Default","rate":"189.75","min":"5","max":"150","dripfeed":false,"refill":false,"category":"💎 Instagram Premium Services"},{"service":"400","name":"🔥👍🇩🇪 Instagram 𝗚𝗘𝗥𝗠𝗔𝗡 Likes [Real] [Fast] (Non-Drop)","type":"Default","rate":"189.75","min":"5","max":"200","dripfeed":false,"refill":false,"category":"💎 Instagram Premium Services"},{"service":"401","name":"🔥👍🇸🇪 Instagram 𝗦𝗪𝗘𝗗𝗜𝗦𝗛 Likes [Real] [Fast] (Non-Drop)","type":"Default","rate":"189.75","min":"5","max":"150","dripfeed":false,"refill":false,"category":"💎 Instagram Premium Services"},{"service":"490","name":"👥 Instagram Followers [LQ] [R7] [Fast] (𝗨𝗦𝗘 𝗔𝗧 𝗬𝗢𝗨𝗥 𝗢𝗪𝗡 𝗥𝗜𝗦𝗞 - 𝗛𝗘𝗔𝗩𝗬 𝗗𝗥𝗢𝗣𝗦)","type":"Default","rate":"1.08","min":"10","max":"30000","dripfeed":false,"refill":true,"category":"🔥 Cheapest Services (𝗨𝘀𝗲 𝗔𝘁 𝗬𝗼𝘂𝗿 𝗢𝘄𝗻 𝗥𝗶𝘀𝗸)"},{"service":"34","name":"👍 Instagram Likes [Poor] [Instant] (𝗨𝗦𝗘 𝗔𝗧 𝗬𝗢𝗨𝗥 𝗢𝗪𝗡 𝗥𝗜𝗦𝗞 - 𝗛𝗘𝗔𝗩𝗬 𝗗𝗥𝗢𝗣𝗦)","type":"Default","rate":"0.348","min":"10","max":"10000","dripfeed":false,"refill":false,"category":"🔥 Cheapest Services (𝗨𝘀𝗲 𝗔𝘁 𝗬𝗼𝘂𝗿 𝗢𝘄𝗻 𝗥𝗶𝘀𝗸)"},{"service":"470","name":"⭐👍 Instagram Likes [MQ] [Fast]","type":"Default","rate":"1.224","min":"10","max":"150000","dripfeed":false,"refill":false,"category":"📸 Instagram | Likes"},{"service":"28","name":"⭐👍 Instagram Likes [uMQ] [Instant]","type":"Default","rate":"2.04","min":"50","max":"5000","dripfeed":false,"refill":false,"category":"📸 Instagram | Likes"},{"service":"390","name":"⭐👍 Instagram Likes [Real] [Fast] (ADS)","type":"Default","rate":"4.56","min":"10","max":"50000","dripfeed":false,"refill":false,"category":"📸 Instagram | Likes"},{"service":"404","name":"⭐👍 Instagram Likes [MQ] [Fast]","type":"Default","rate":"1.224","min":"10","max":"150000","dripfeed":false,"refill":false,"category":"📸 Instagram | Likes"},{"service":"30","name":"⭐👍 Instagram Likes [uHQ] [Fast-Instant] (Explorer Page)","type":"Default","rate":"1.68","min":"50","max":"100000","dripfeed":false,"refill":false,"category":"📸 Instagram | Likes"},{"service":"392","name":"⭐👍 Instagram Likes [English] [uHQ] [Fast] (Impressions + Reach)","type":"Default","rate":"3.10","min":"10","max":"2000","dripfeed":true,"refill":false,"category":"📸 Instagram | Likes"},{"service":"406","name":"⭐👥 Instagram Followers [MQ] [R30] [Instant] ♻️","type":"Default","rate":"3.12","min":"100","max":"10000","dripfeed":false,"refill":true,"category":"📸 Instagram | Followers"},{"service":"411","name":"⭐👥 Instagram Followers [MQ] [R99] [Fast] ♻️","type":"Default","rate":"1.20","min":"10","max":"1000000","dripfeed":false,"refill":false,"category":"📸 Instagram | Followers"},{"service":"469","name":"⭐👥 Instagram Followers [uMQ] [R30] [Fast] ♻️","type":"Default","rate":"4.80","min":"50","max":"55000","dripfeed":false,"refill":true,"category":"📸 Instagram | Followers"},{"service":"236","name":"⭐👥 Instagram Followers [HQ] [R30] [Fast] (Fast Refills) ♻️","type":"Default","rate":"6.60","min":"100","max":"50000","dripfeed":true,"refill":true,"category":"📸 Instagram | Followers"},{"service":"405","name":"⭐👥 Instagram Followers [MQ] [R365] [Fast] (Non-Drop - 1YR Refill)","type":"Default","rate":"9.35","min":"151","max":"300000","dripfeed":false,"refill":false,"category":"📸 Instagram | Followers"},{"service":"391","name":"⭐👥 Instagram 𝗙𝗘𝗠𝗔𝗟𝗘 Followers [50 Followers Package] (Top Accounts)","type":"Default","rate":"10.08","min":"1000","max":"1000","dripfeed":false,"refill":false,"category":"📸 Instagram | Followers"},{"service":"18","name":"🔋👍 Instagram Likes [Supreme] [Fast] (BEST PERKS) 🔥","type":"Default","rate":"3.00","min":"50","max":"10000","dripfeed":true,"refill":false,"category":"📸 Instagram | Power Likes 💎"},{"service":"20","name":"🔋👍 Instagram Likes [Real] [Instant] (Explorer Page)","type":"Default","rate":"4.128","min":"50","max":"50000","dripfeed":false,"refill":false,"category":"📸 Instagram | Power Likes 💎"},{"service":"21","name":"🔋👍 Instagram Likes [uHQ] [Instant] (Some Verified Accounts)","type":"Default","rate":"3.60","min":"50","max":"5000","dripfeed":true,"refill":false,"category":"📸 Instagram | Power Likes 💎"},{"service":"178","name":"🔋👍 Instagram Likes [HQ/uHQ] [Instant] (Explorer Page)","type":"Default","rate":"3.00","min":"50","max":"5000","dripfeed":false,"refill":false,"category":"📸 Instagram | Power Likes 💎"},{"service":"375","name":"🔥💬 Instagram 𝗙𝗘𝗠𝗔𝗟𝗘 Comments [40 Random Comments]","type":"Default","rate":"10.80","min":"1000","max":"1000","dripfeed":false,"refill":false,"category":"📸 Instagram | Comments"},{"service":"376","name":"🔥💬 Instagram 𝗙𝗘𝗠𝗔𝗟𝗘 Comments [10K+ Followers Accounts] [5 Random Comments]","type":"Default","rate":"3.60","min":"1000","max":"1000","dripfeed":false,"refill":false,"category":"📸 Instagram | Comments"},{"service":"377","name":"🔥💬 Instagram 𝗙𝗘𝗠𝗔𝗟𝗘 Comments [10K+ Followers Accounts] [10 Random Comments]","type":"Default","rate":"7.20","min":"1000","max":"1000","dripfeed":false,"refill":false,"category":"📸 Instagram | Comments"},{"service":"386","name":"🔥💬 Instagram Comments [10K+ Followers Accounts] [5 Random Comments]","type":"Default","rate":"0.432","min":"1000","max":"1000","dripfeed":false,"refill":false,"category":"📸 Instagram | Comments"},{"service":"383","name":"🔥💬 Instagram Comments [30K+ Followers Accounts] [3 Random Comments]","type":"Default","rate":"1.17","min":"1000","max":"1000","dripfeed":false,"refill":false,"category":"📸 Instagram | Comments"},{"service":"384","name":"🔥💬 Instagram Comments [30K+ Followers Accounts] [6 Random Comments]","type":"Default","rate":"1.69","min":"1000","max":"1000","dripfeed":false,"refill":false,"category":"📸 Instagram | Comments"},{"service":"381","name":"🔥💬 Instagram Comments [100K+ Followers Accounts] [3 Random Comments]","type":"Default","rate":"1.56","min":"1000","max":"1000","dripfeed":false,"refill":false,"category":"📸 Instagram | Comments"},{"service":"382","name":"🔥💬 Instagram Comments [100K+ Followers Accounts] [6 Random Comments]","type":"Default","rate":"2.34","min":"1000","max":"1000","dripfeed":false,"refill":false,"category":"📸 Instagram | Comments"},{"service":"388","name":"🔥💬 Instagram Comments [500K+ Followers Accounts] [5 Random Comments]","type":"Default","rate":"4.44","min":"1000","max":"1000","dripfeed":false,"refill":false,"category":"📸 Instagram | Comments"},{"service":"389","name":"🔥💬 Instagram Comments [1M+ Followers Accounts] [5 Random Comments]","type":"Default","rate":"5.88","min":"1000","max":"1000","dripfeed":false,"refill":false,"category":"📸 Instagram | Comments"},{"service":"378","name":"🔋💬 Instagram 𝗣𝗢𝗪𝗘𝗥 Comments [10K Followers Account - 5 Comments] (Explorer Page)","type":"Default","rate":"3.60","min":"1000","max":"1000","dripfeed":false,"refill":false,"category":"📸 Instagram | Comments"},{"service":"379","name":"🔋💬 Instagram 𝗣𝗢𝗪𝗘𝗥 Comments [10K Followers Account - 10 Comments] (Explorer Page)","type":"Default","rate":"7.20","min":"1000","max":"1000","dripfeed":false,"refill":false,"category":"📸 Instagram | Comments"},{"service":"380","name":"🔋💬 Instagram 𝗣𝗢𝗪𝗘𝗥 Comments [10K Followers Account - 20 Comments] (Explorer Page)","type":"Default","rate":"10.08","min":"1000","max":"1000","dripfeed":false,"refill":false,"category":"📸 Instagram | Comments"},{"service":"361","name":"⭐🎥 Instagram Reel Views [HQ] [Instant] (Non-Drop)","type":"Default","rate":"0.048","min":"100","max":"1000000","dripfeed":false,"refill":false,"category":"📸 Instagram | Reels & IGTV"},{"service":"360","name":"⭐👍 Instagram Reel Likes [HQ] [Instant]","type":"Default","rate":"1.92","min":"10","max":"50000","dripfeed":false,"refill":false,"category":"📸 Instagram | Reels & IGTV"},{"service":"362","name":"⭐📂 Instagram Reel Saves [HQ] [Instant] (Non-Drop)","type":"Default","rate":"0.048","min":"20","max":"100000","dripfeed":false,"refill":false,"category":"📸 Instagram | Reels & IGTV"},{"service":"407","name":"⭐🎥 Instagram Reel Impressions + Reach + Profile Visits [HQ] [Instant]]","type":"Default","rate":"0.24","min":"25","max":"250000","dripfeed":false,"refill":false,"category":"📸 Instagram | Reels & IGTV"},{"service":"408","name":"⭐🎥 Instagram TV Views [HQ] [Instant] (Non-Drop)","type":"Default","rate":"0.012","min":"100","max":"10000000","dripfeed":false,"refill":false,"category":"📸 Instagram | Reels & IGTV"},{"service":"409","name":"⭐👍 Instagram TV Likes [uHQ] [Fast] (Non-Drop)","type":"Default","rate":"4.00","min":"50","max":"10000","dripfeed":false,"refill":false,"category":"📸 Instagram | Reels & IGTV"},{"service":"410","name":"⭐💬 Instagram TV Comments [uMQ] [Medium] (Non-Drop)","type":"Default","rate":"30.00","min":"5","max":"1000","dripfeed":false,"refill":false,"category":"📸 Instagram | Reels & IGTV"},{"service":"47","name":"⭐🎥 Instagram Views [Real] [Instant]","type":"Default","rate":"0.018","min":"100","max":"10000000","dripfeed":false,"refill":false,"category":"📸 Instagram | Others"},{"service":"44","name":"⭐🎥 Instagram Views + Impressions [Real] [Instant] (From Explorer Page)","type":"Default","rate":"0.08","min":"100","max":"2000000","dripfeed":false,"refill":false,"category":"📸 Instagram | Others"},{"service":"45","name":"⭐🎥 Instagram Views + Impressions [Real] [Instant] (From Location Page)","type":"Default","rate":"0.08","min":"100","max":"2000000","dripfeed":false,"refill":false,"category":"📸 Instagram | Others"},{"service":"46","name":"⭐🎥 Instagram Views + Impressions [Real] [Instant] (From Home Page)","type":"Default","rate":"0.08","min":"100","max":"2000000","dripfeed":false,"refill":false,"category":"📸 Instagram | Others"},{"service":"201","name":"⭐📖 Instagram Story Views [HQ] [Instant]","type":"Default","rate":"0.12","min":"10","max":"100000","dripfeed":false,"refill":false,"category":"📸 Instagram | Others"},{"service":"200","name":"⭐📖 Instagram Story Views [Real]  [Instant] (BEST IN THE MARKET) 🔥","type":"Default","rate":"2.00","min":"100","max":"5000","dripfeed":false,"refill":false,"category":"📸 Instagram | Others"},{"service":"282","name":"⭐💬 Instagram Custom Comments [MQ] [Fast]","type":"Default","rate":"8.60","min":"20","max":"1000","dripfeed":false,"refill":false,"category":"📸 Instagram | Others"},{"service":"468","name":"⭐🎥 YouTube Views [MQ] [R90] [Medium]","type":"Default","rate":"2.70","min":"200","max":"5000000","dripfeed":false,"refill":false,"category":"📺 Youtube | Views & Watchtime"},{"service":"414","name":"⭐🎥 YouTube Views [HQ] [R∞] [Fast] (Lifetime Refill)","type":"Default","rate":"3.214","min":"1000","max":"2147483647","dripfeed":false,"refill":false,"category":"📺 Youtube | Views & Watchtime"},{"service":"471","name":"⭐🎥 YouTube 𝗔𝗗𝗦 Views [HQ] [R∞] [Fast] (Non-Drop)","type":"Default","rate":"4.08","min":"300000","max":"100000000","dripfeed":false,"refill":false,"category":"📺 Youtube | Views & Watchtime"},{"service":"415","name":"⭐🎥 YouTube Views [HQ] [R∞] [Fast] (High Retention 5 - 20 Minutes)","type":"Default","rate":"3.72","min":"1000","max":"1000000","dripfeed":false,"refill":false,"category":"📺 Youtube | Views & Watchtime"},{"service":"412","name":"🔥🎥 YouTube 𝗨𝗡𝗜𝗤𝗨𝗘 Views [RAV-GS] [Fast] (Non-Drop + Engagements)","type":"Default","rate":"5.40","min":"500","max":"500000","dripfeed":true,"refill":false,"category":"📺 Youtube | Views & Watchtime"},{"service":"413","name":"🔥🎥 YouTube 𝗨𝗡𝗜𝗤𝗨𝗘 Views [RAV] [Fast] (Non-Drop + Engagements)","type":"Default","rate":"5.60","min":"500","max":"500000","dripfeed":true,"refill":false,"category":"📺 Youtube | Views & Watchtime"},{"service":"419","name":"⭐👀 YouTube Watchtime [MQ] [AR30] [Fast]","type":"Default","rate":"11.976","min":"100","max":"4000","dripfeed":false,"refill":false,"category":"📺 Youtube | Views & Watchtime"},{"service":"424","name":"⭐🎥 YouTube 𝗨𝗡𝗜𝗤𝗨𝗘 Views [𝐀𝐫𝐠𝐞𝐧𝐭𝐢𝐧𝐚] [RAV] [R90] [Fast] 🇦🇷","type":"Default","rate":"3.72","min":"500","max":"100000","dripfeed":true,"refill":false,"category":"📺 Youtube | 𝐑𝐀𝐕™ Views (Country Targeted) 🎯"},{"service":"425","name":"⭐🎥 YouTube 𝗨𝗡𝗜𝗤𝗨𝗘 Views [𝐀𝐥𝐠𝐞𝐫𝐢𝐚] [RAV] [R90] [Fast] 🇩🇿","type":"Default","rate":"3.72","min":"500","max":"100000","dripfeed":true,"refill":false,"category":"📺 Youtube | 𝐑𝐀𝐕™ Views (Country Targeted) 🎯"},{"service":"426","name":"⭐🎥 YouTube 𝗨𝗡𝗜𝗤𝗨𝗘 Views [𝐁𝐚𝐧𝐠𝐥𝐚𝐝𝐞𝐬𝐡] [RAV] [R90] [Fast] 🇧🇩","type":"Default","rate":"3.72","min":"500","max":"100000","dripfeed":true,"refill":false,"category":"📺 Youtube | 𝐑𝐀𝐕™ Views (Country Targeted) 🎯"},{"service":"427","name":"⭐🎥 YouTube 𝗨𝗡𝗜𝗤𝗨𝗘 Views [𝐁𝐫𝐚𝐳𝐢𝐥] [RAV] [R90] [Fast] 🇧🇷","type":"Default","rate":"3.96","min":"500","max":"100000","dripfeed":true,"refill":false,"category":"📺 Youtube | 𝐑𝐀𝐕™ Views (Country Targeted) 🎯"},{"service":"428","name":"⭐🎥 YouTube 𝗨𝗡𝗜𝗤𝗨𝗘 Views [𝐁𝐮𝐥𝐠𝐚𝐫𝐢𝐚] [RAV] [R90] [Fast] 🇧🇬","type":"Default","rate":"3.72","min":"500","max":"100000","dripfeed":true,"refill":false,"category":"📺 Youtube | 𝐑𝐀𝐕™ Views (Country Targeted) 🎯"},{"service":"429","name":"⭐🎥 YouTube 𝗨𝗡𝗜𝗤𝗨𝗘 Views [𝐂𝐚𝐧𝐚𝐝𝐚] [RAV] [R90] [Fast] 🇨🇦","type":"Default","rate":"3.60","min":"1000","max":"100000","dripfeed":true,"refill":false,"category":"📺 Youtube | 𝐑𝐀𝐕™ Views (Country Targeted) 🎯"},{"service":"430","name":"⭐🎥 YouTube 𝗨𝗡𝗜𝗤𝗨𝗘 Views [𝐂𝐨𝐥𝐨𝐦𝐛𝐢𝐚] [RAV] [R90] [Fast] 🇨🇴","type":"Default","rate":"3.72","min":"500","max":"100000","dripfeed":true,"refill":false,"category":"📺 Youtube | 𝐑𝐀𝐕™ Views (Country Targeted) 🎯"},{"service":"431","name":"⭐🎥 YouTube 𝗨𝗡𝗜𝗤𝗨𝗘 Views [𝐂𝐫𝐨𝐚𝐭𝐢𝐚] [RAV] [R90] [Fast] 🇭🇷","type":"Default","rate":"3.72","min":"500","max":"100000","dripfeed":true,"refill":false,"category":"📺 Youtube | 𝐑𝐀𝐕™ Views (Country Targeted) 🎯"},{"service":"432","name":"⭐🎥 YouTube 𝗨𝗡𝗜𝗤𝗨𝗘 Views [𝐄𝐠𝐲𝐩𝐭] [RAV] [R90] [Fast] 🇪🇬","type":"Default","rate":"3.72","min":"500","max":"100000","dripfeed":true,"refill":false,"category":"📺 Youtube | 𝐑𝐀𝐕™ Views (Country Targeted) 🎯"},{"service":"433","name":"⭐🎥 YouTube 𝗨𝗡𝗜𝗤𝗨𝗘 Views [𝐄𝐜𝐮𝐚𝐝𝐨𝐫] [RAV] [R90] [Fast] 🇪🇨","type":"Default","rate":"3.72","min":"500","max":"100000","dripfeed":true,"refill":false,"category":"📺 Youtube | 𝐑𝐀𝐕™ Views (Country Targeted) 🎯"},{"service":"434","name":"⭐🎥 YouTube 𝗨𝗡𝗜𝗤𝗨𝗘 Views [𝐅𝐫𝐚𝐧𝐜𝐞] [RAV] [R90] [Fast] 🇫🇷","type":"Default","rate":"3.72","min":"500","max":"100000","dripfeed":true,"refill":false,"category":"📺 Youtube | 𝐑𝐀𝐕™ Views (Country Targeted) 🎯"},{"service":"435","name":"⭐🎥 YouTube 𝗨𝗡𝗜𝗤𝗨𝗘 Views [𝐆𝐞𝐫𝐦𝐚𝐧𝐲] [RAV] [R90] [Fast] 🇩🇪","type":"Default","rate":"3.60","min":"500","max":"100000","dripfeed":true,"refill":false,"category":"📺 Youtube | 𝐑𝐀𝐕™ Views (Country Targeted) 🎯"},{"service":"436","name":"⭐🎥 YouTube 𝗨𝗡𝗜𝗤𝗨𝗘 Views [𝐆𝐫𝐞𝐞𝐜𝐞] [RAV] [R90] [Fast] 🇬🇷","type":"Default","rate":"3.72","min":"500","max":"100000","dripfeed":true,"refill":false,"category":"📺 Youtube | 𝐑𝐀𝐕™ Views (Country Targeted) 🎯"},{"service":"437","name":"⭐🎥 YouTube 𝗨𝗡𝗜𝗤𝗨𝗘 Views [𝐈𝐧𝐝𝐢𝐚] [RAV] [R90] [Fast] 🇮🇳","type":"Default","rate":"3.72","min":"500","max":"100000","dripfeed":true,"refill":false,"category":"📺 Youtube | 𝐑𝐀𝐕™ Views (Country Targeted) 🎯"},{"service":"438","name":"⭐🎥 YouTube 𝗨𝗡𝗜𝗤𝗨𝗘 Views [𝐈𝐧𝐝𝐨𝐧𝐞𝐬𝐢𝐚] [RAV] [R90] [Fast] 🇮🇩","type":"Default","rate":"3.72","min":"500","max":"100000","dripfeed":true,"refill":false,"category":"📺 Youtube | 𝐑𝐀𝐕™ Views (Country Targeted) 🎯"},{"service":"439","name":"⭐🎥 YouTube 𝗨𝗡𝗜𝗤𝗨𝗘 Views [𝐈𝐭𝐚𝐥𝐲] [RAV] [R90] [Fast] 🇮🇹","type":"Default","rate":"3.72","min":"500","max":"100000","dripfeed":true,"refill":false,"category":"📺 Youtube | 𝐑𝐀𝐕™ Views (Country Targeted) 🎯"},{"service":"440","name":"⭐🎥 YouTube 𝗨𝗡𝗜𝗤𝗨𝗘 Views [𝐉𝐚𝐩𝐚𝐧] [RAV] [R90] [Fast] 🇯🇵","type":"Default","rate":"3.72","min":"500","max":"100000","dripfeed":true,"refill":false,"category":"📺 Youtube | 𝐑𝐀𝐕™ Views (Country Targeted) 🎯"},{"service":"441","name":"⭐🎥 YouTube 𝗨𝗡𝗜𝗤𝗨𝗘 Views [𝐋𝐞𝐛𝐚𝐧𝐨𝐧] [RAV] [R90] [Fast] 🇱🇧","type":"Default","rate":"3.72","min":"500","max":"100000","dripfeed":true,"refill":false,"category":"📺 Youtube | 𝐑𝐀𝐕™ Views (Country Targeted) 🎯"},{"service":"442","name":"⭐🎥 YouTube 𝗨𝗡𝗜𝗤𝗨𝗘 Views [𝐌𝐞𝐱𝐢𝐜𝐨] [RAV] [R90] [Fast] 🇲🇽","type":"Default","rate":"3.72","min":"500","max":"100000","dripfeed":true,"refill":false,"category":"📺 Youtube | 𝐑𝐀𝐕™ Views (Country Targeted) 🎯"},{"service":"443","name":"⭐🎥 YouTube 𝗨𝗡𝗜𝗤𝗨𝗘 Views [𝐌𝐨𝐫𝐨𝐜𝐜𝐨] [RAV] [R90] [Fast] 🇲🇦","type":"Default","rate":"3.72","min":"500","max":"100000","dripfeed":true,"refill":false,"category":"📺 Youtube | 𝐑𝐀𝐕™ Views (Country Targeted) 🎯"},{"service":"444","name":"⭐🎥 YouTube 𝗨𝗡𝗜𝗤𝗨𝗘 Views [𝐍𝐞𝐭𝐡𝐞𝐫𝐥𝐚𝐧𝐝𝐬] [RAV] [R90] [Fast] 🇳🇱","type":"Default","rate":"3.72","min":"500","max":"100000","dripfeed":true,"refill":false,"category":"📺 Youtube | 𝐑𝐀𝐕™ Views (Country Targeted) 🎯"},{"service":"445","name":"⭐🎥 YouTube 𝗨𝗡𝗜𝗤𝗨𝗘 Views [𝐍𝐞𝐩𝐚𝐥] [RAV] [R90] [Fast] 🇳🇵","type":"Default","rate":"3.72","min":"500","max":"100000","dripfeed":true,"refill":false,"category":"📺 Youtube | 𝐑𝐀𝐕™ Views (Country Targeted) 🎯"},{"service":"446","name":"⭐🎥 YouTube 𝗨𝗡𝗜𝗤𝗨𝗘 Views [𝗧𝗮𝗶𝘄𝗮𝗻] [RAV] [R90] [Fast] 🇹🇼","type":"Default","rate":"3.72","min":"500","max":"100000","dripfeed":true,"refill":false,"category":"📺 Youtube | 𝐑𝐀𝐕™ Views (Country Targeted) 🎯"},{"service":"447","name":"⭐🎥 YouTube 𝗨𝗡𝗜𝗤𝗨𝗘 Views [𝗦𝗼𝘂𝘁𝗵 𝗞𝗼𝗿𝗲𝗮] [RAV] [R90] [Fast] 🇰🇷","type":"Default","rate":"3.54","min":"500","max":"100000","dripfeed":true,"refill":false,"category":"📺 Youtube | 𝐑𝐀𝐕™ Views (Country Targeted) 🎯"},{"service":"448","name":"⭐🎥 YouTube 𝗨𝗡𝗜𝗤𝗨𝗘 Views [𝐍𝐨𝐫𝐭𝐡 𝐌𝐚𝐜𝐞𝐝𝐨𝐧𝐢𝐚] [RAV] [R90] [Fast] 🇲🇰","type":"Default","rate":"3.72","min":"500","max":"100000","dripfeed":true,"refill":false,"category":"📺 Youtube | 𝐑𝐀𝐕™ Views (Country Targeted) 🎯"},{"service":"449","name":"⭐🎥 YouTube 𝗨𝗡𝗜𝗤𝗨𝗘 Views [𝐏𝐚𝐤𝐢𝐬𝐭𝐚𝐧] [RAV] [R90] [Fast] 🇵🇰","type":"Default","rate":"3.72","min":"500","max":"100000","dripfeed":true,"refill":false,"category":"📺 Youtube | 𝐑𝐀𝐕™ Views (Country Targeted) 🎯"},{"service":"450","name":"⭐🎥 YouTube 𝗨𝗡𝗜𝗤𝗨𝗘 Views [𝐏𝐡𝐢𝐥𝐢𝐩𝐩𝐢𝐧𝐞𝐬] [RAV] [R90] [Fast] 🇵🇭","type":"Default","rate":"3.72","min":"500","max":"100000","dripfeed":true,"refill":false,"category":"📺 Youtube | 𝐑𝐀𝐕™ Views (Country Targeted) 🎯"},{"service":"451","name":"⭐🎥 YouTube 𝗨𝗡𝗜𝗤𝗨𝗘 Views [𝐏𝐨𝐥𝐚𝐧𝐝] [RAV] [R90] [Fast] 🇵🇱","type":"Default","rate":"3.72","min":"500","max":"100000","dripfeed":true,"refill":false,"category":"📺 Youtube | 𝐑𝐀𝐕™ Views (Country Targeted) 🎯"},{"service":"452","name":"⭐🎥 YouTube 𝗨𝗡𝗜𝗤𝗨𝗘 Views [𝐑𝐨𝐦𝐚𝐧𝐢𝐚] [RAV] [R90] [Fast] 🇷🇴","type":"Default","rate":"3.72","min":"500","max":"100000","dripfeed":true,"refill":false,"category":"📺 Youtube | 𝐑𝐀𝐕™ Views (Country Targeted) 🎯"},{"service":"453","name":"⭐🎥 YouTube 𝗨𝗡𝗜𝗤𝗨𝗘 Views [𝐑𝐮𝐬𝐬𝐢𝐚] [RAV] [R90] [Fast] 🇷🇺","type":"Default","rate":"3.72","min":"500","max":"100000","dripfeed":true,"refill":false,"category":"📺 Youtube | 𝐑𝐀𝐕™ Views (Country Targeted) 🎯"},{"service":"454","name":"⭐🎥 YouTube 𝗨𝗡𝗜𝗤𝗨𝗘 Views [𝐒𝐚𝐮𝐝𝐢 𝐀𝐫𝐚𝐛𝐢𝐚] [RAV] [R90] [Fast] 🇸🇦","type":"Default","rate":"3.72","min":"500","max":"100000","dripfeed":true,"refill":false,"category":"📺 Youtube | 𝐑𝐀𝐕™ Views (Country Targeted) 🎯"},{"service":"455","name":"⭐🎥 YouTube 𝗨𝗡𝗜𝗤𝗨𝗘 Views [𝐒𝐞𝐫𝐛𝐢𝐚] [RAV] [R90] [Fast] 🇷🇸","type":"Default","rate":"3.72","min":"500","max":"100000","dripfeed":true,"refill":false,"category":"📺 Youtube | 𝐑𝐀𝐕™ Views (Country Targeted) 🎯"},{"service":"456","name":"⭐🎥 YouTube 𝗨𝗡𝗜𝗤𝗨𝗘 Views [𝐒𝐰𝐞𝐝𝐞𝐧] [RAV] [R90] [Fast] 🇸🇪","type":"Default","rate":"3.72","min":"500","max":"100000","dripfeed":true,"refill":false,"category":"📺 Youtube | 𝐑𝐀𝐕™ Views (Country Targeted) 🎯"},{"service":"457","name":"⭐🎥 YouTube 𝗨𝗡𝗜𝗤𝗨𝗘 Views [𝐒𝐩𝐚𝐢𝐧] [RAV] [R90] [Fast] 🇪🇸","type":"Default","rate":"3.72","min":"500","max":"100000","dripfeed":true,"refill":false,"category":"📺 Youtube | 𝐑𝐀𝐕™ Views (Country Targeted) 🎯"},{"service":"458","name":"⭐🎥 YouTube 𝗨𝗡𝗜𝗤𝗨𝗘 Views [𝐒𝐨𝐮𝐭𝐡 𝐀𝐟𝐫𝐢𝐜𝐚] [RAV] [R90] [Fast] 🇿🇦","type":"Default","rate":"3.72","min":"500","max":"100000","dripfeed":true,"refill":false,"category":"📺 Youtube | 𝐑𝐀𝐕™ Views (Country Targeted) 🎯"},{"service":"459","name":"⭐🎥 YouTube 𝗨𝗡𝗜𝗤𝗨𝗘 Views [𝐒𝐨𝐮𝐭𝐡 𝐊𝐨𝐫𝐞𝐚] [RAV] [R90] [Fast] 🇰🇷","type":"Default","rate":"3.60","min":"1000","max":"10000000","dripfeed":true,"refill":false,"category":"📺 Youtube | 𝐑𝐀𝐕™ Views (Country Targeted) 🎯"},{"service":"460","name":"⭐🎥 YouTube 𝗨𝗡𝗜𝗤𝗨𝗘 Views [𝐓𝐮𝐫𝐤𝐞𝐲] [RAV] [R90] [Fast] 🇹🇷","type":"Default","rate":"3.72","min":"500","max":"100000","dripfeed":true,"refill":false,"category":"📺 Youtube | 𝐑𝐀𝐕™ Views (Country Targeted) 🎯"},{"service":"462","name":"⭐🎥 YouTube 𝗨𝗡𝗜𝗤𝗨𝗘 Views [𝐓𝐡𝐚𝐢𝐥𝐚𝐧𝐝] [RAV] [R90] [Fast] 🇹🇭","type":"Default","rate":"3.72","min":"500","max":"100000","dripfeed":true,"refill":false,"category":"📺 Youtube | 𝐑𝐀𝐕™ Views (Country Targeted) 🎯"},{"service":"463","name":"⭐🎥 YouTube 𝗨𝗡𝗜𝗤𝗨𝗘 Views [𝐕𝐞𝐧𝐞𝐳𝐮𝐞𝐥𝐚] [RAV] [R90] [Fast] 🇻🇪","type":"Default","rate":"3.72","min":"500","max":"100000","dripfeed":true,"refill":false,"category":"📺 Youtube | 𝐑𝐀𝐕™ Views (Country Targeted) 🎯"},{"service":"464","name":"⭐🎥 YouTube 𝗨𝗡𝗜𝗤𝗨𝗘 Views [𝐕𝐢𝐞𝐭𝐧𝐚𝐦] [RAV] [R90] [Fast] 🇻🇳","type":"Default","rate":"3.72","min":"500","max":"100000","dripfeed":true,"refill":false,"category":"📺 Youtube | 𝐑𝐀𝐕™ Views (Country Targeted) 🎯"},{"service":"420","name":"⭐🔺 YouTube Subscribers [HQ] [R30] [Fast] ♻️","type":"Default","rate":"25.80","min":"50","max":"15000","dripfeed":false,"refill":false,"category":"📺 Youtube | Subscribers"},{"service":"421","name":"⭐🔺 YouTube Subscribers [HQ] [R30] [Normal] (Lowest Drop + 20% Bonus) ♻️","type":"Default","rate":"33.75","min":"5","max":"2000","dripfeed":false,"refill":false,"category":"📺 Youtube | Subscribers"},{"service":"263","name":"⭐📃 FaceBook Page Likes [HQ] [R90] [Slow-Fast]","type":"Default","rate":"9.75","min":"5","max":"2000","dripfeed":false,"refill":false,"category":"🐳 Facebook | Page Likes (Under Testing)"},{"service":"264","name":"⭐👍 Facebook Post Likes [HQ] [R30] [Fast]","type":"Default","rate":"0.66","min":"100","max":"50000","dripfeed":false,"refill":false,"category":"🐳 Facebook | Post Engagement"},{"service":"270","name":"⭐👍 Facebook Post Likes [HQ] [R∞] [Fast]","type":"Default","rate":"4.32","min":"10","max":"10000","dripfeed":false,"refill":false,"category":"🐳 Facebook | Post Engagement"},{"service":"266","name":"⭐❤️ Facebook Love Reactions [HQ] [R∞] [Fast]","type":"Default","rate":"6.48","min":"50","max":"1000","dripfeed":false,"refill":false,"category":"🐳 Facebook | Post Engagement"},{"service":"267","name":"⭐😆 Facebook HaHa Reactions [HQ] [R∞] [Fast]","type":"Default","rate":"6.48","min":"25","max":"2000","dripfeed":false,"refill":false,"category":"🐳 Facebook | Post Engagement"},{"service":"268","name":"⭐😢 Facebook Sad Reactions [HQ] [R∞] [Fast]","type":"Default","rate":"6.48","min":"25","max":"2000","dripfeed":false,"refill":false,"category":"🐳 Facebook | Post Engagement"},{"service":"269","name":"⭐😠 Facebook Angry Reactions [HQ] [R∞] [Fast]","type":"Default","rate":"6.48","min":"25","max":"2000","dripfeed":false,"refill":false,"category":"🐳 Facebook | Post Engagement"},{"service":"278","name":"⭐💬 Facebook Custom Comments [Under Testing] [R∞] [Under Testing]","type":"Custom Comments","rate":"30.36","min":"20","max":"500","dripfeed":false,"refill":false,"category":"🐳 Facebook | Post Engagement"},{"service":"514","name":"⭐👍 Reddit Upvotes [MQ] [Fast]","type":"Default","rate":"18.24","min":"10","max":"10000","dripfeed":true,"refill":false,"category":"🙉 Reddit 🆕"},{"service":"513","name":"⭐👥 Reddit Followers [MQ] [Fast]","type":"Default","rate":"10.44","min":"10","max":"10000","dripfeed":true,"refill":false,"category":"🙉 Reddit 🆕"},{"service":"512","name":"⭐👥 Reddit Followers [HQ] [R30] [Fast]","type":"Default","rate":"13.50","min":"10","max":"10000","dripfeed":true,"refill":false,"category":"🙉 Reddit 🆕"},{"service":"511","name":"⭐🔺Reddit Subreditt Subscribers [MQ] [Fast]","type":"Default","rate":"10.44","min":"10","max":"10000","dripfeed":true,"refill":false,"category":"🙉 Reddit 🆕"},{"service":"510","name":"⭐🔺Reddit Subreditt Subscribers [HQ] [R30] [Fast]","type":"Default","rate":"13.50","min":"10","max":"10000","dripfeed":true,"refill":false,"category":"🙉 Reddit 🆕"},{"service":"491","name":"⭐👥 Twitter Followers [MQ] [Fast]","type":"Default","rate":"10.176","min":"50","max":"5000","dripfeed":true,"refill":false,"category":"🐦 Twitter | Growth 🆕"},{"service":"492","name":"⭐👥 Twitter Followers [HQ] [R30] [Fast]","type":"Default","rate":"22.50","min":"50","max":"60000","dripfeed":true,"refill":false,"category":"🐦 Twitter | Growth 🆕"},{"service":"494","name":"⭐👍 Twitter Likes [HQ] [R30] [Fast]","type":"Default","rate":"13.50","min":"50","max":"60000","dripfeed":true,"refill":false,"category":"🐦 Twitter | Growth 🆕"},{"service":"495","name":"⭐📲 Twitter Retweets [MQ] [R30] [Fast]","type":"Default","rate":"13.50","min":"50","max":"60000","dripfeed":true,"refill":false,"category":"🐦 Twitter | Growth 🆕"},{"service":"496","name":"⭐💬 Twitter Poll Votes [Mix] [Fast]","type":"Poll","rate":"0.96","min":"100","max":"10000000","dripfeed":false,"refill":false,"category":"🐦 Twitter | Growth 🆕"},{"service":"505","name":"⭐💬 Twitter Random Comments [Fast] [HQ] (𝗨𝗦𝗔)","type":"Default","rate":"41.40","min":"10","max":"100","dripfeed":true,"refill":false,"category":"🐦 Twitter | Growth 🆕"},{"service":"506","name":"⭐💬 Twitter Custom Comments [Fast] [HQ] (𝗨𝗦𝗔)","type":"Custom Comments","rate":"55.20","min":"10","max":"100","dripfeed":false,"refill":false,"category":"🐦 Twitter | Growth 🆕"},{"service":"488","name":"⭐👥 TikTok Followers [LQ] [Fast]","type":"Default","rate":"2.232","min":"100","max":"200000","dripfeed":false,"refill":false,"category":"🎵 TikTok | Growth"},{"service":"187","name":"⭐👍 TikTok Likes [MQ] [R30] [Fast]","type":"Default","rate":"1.20","min":"100","max":"1000","dripfeed":false,"refill":false,"category":"🎵 TikTok | Growth"},{"service":"190","name":"⭐👍 TikTok Likes [HQ] [Fast] (Views Included)","type":"Default","rate":"5.16","min":"100","max":"1000","dripfeed":false,"refill":false,"category":"🎵 TikTok | Growth"},{"service":"189","name":"⭐🎥 TikTok [HQ] [Instant]","type":"Default","rate":"0.226","min":"100","max":"10000000","dripfeed":true,"refill":false,"category":"🎵 TikTok | Growth"},{"service":"199","name":"⭐🎥 TikTok Views [Real] [Normal-Instant] (Trending + Viral) 🔥","type":"Default","rate":"0.20","min":"100","max":"10000000","dripfeed":false,"refill":false,"category":"🎵 TikTok | Growth"},{"service":"479","name":"⭐💜 Twitch Prime Subscribers [HQ] [Slow] ($2 Per Subscriber)","type":"Default","rate":"2000.00","min":"10","max":"1000","dripfeed":false,"refill":false,"category":"🎮 Twitch | Growth 🆕"},{"service":"480","name":"⭐🎥 Twitch Clip Views [HQ] [R30] [Medium]","type":"Default","rate":"2.40","min":"1000","max":"100000000","dripfeed":false,"refill":false,"category":"🎮 Twitch | Growth 🆕"},{"service":"481","name":"⭐🔴 Twitch Live Views [Instant] (30 Minutes)","type":"Default","rate":"26.40","min":"100","max":"3000","dripfeed":false,"refill":false,"category":"🎮 Twitch | Growth 🆕"},{"service":"482","name":"⭐🔴 Twitch Live Views [Instant] (60 Minutes)","type":"Default","rate":"40.50","min":"100","max":"3000","dripfeed":false,"refill":false,"category":"🎮 Twitch | Growth 🆕"},{"service":"483","name":"⭐🔴 Twitch Live Views [Instant] (180 Minutes)","type":"Default","rate":"121.50","min":"100","max":"3000","dripfeed":false,"refill":false,"category":"🎮 Twitch | Growth 🆕"},{"service":"484","name":"⭐🔴 Twitch Live Views [Instant] (240 Minutes)","type":"Default","rate":"162.00","min":"100","max":"3000","dripfeed":false,"refill":false,"category":"🎮 Twitch | Growth 🆕"},{"service":"198","name":"🔥👥 Instagram 𝗩𝗘𝗥𝗜𝗙𝗜𝗘𝗗 Followers (𝗕𝗹𝘂𝗲 𝗧𝗶𝗰𝗸) [1 Follower] (𝟭 𝗢𝗿𝗱𝗲𝗿 𝗣𝗲𝗿 𝗔𝗰𝗰𝗼𝘂𝗻𝘁) ✅","type":"Default","rate":"5.29","min":"1000","max":"1000","dripfeed":false,"refill":false,"category":"Private Resellers (Not For Public Use)"},{"service":"192","name":"🔥👥 Instagram 𝗩𝗘𝗥𝗜𝗙𝗜𝗘𝗗 Followers (𝗕𝗹𝘂𝗲 𝗧𝗶𝗰𝗸) [1 Follower] ✅","type":"Default","rate":"7.64","min":"1000","max":"1000","dripfeed":false,"refill":false,"category":"Private Resellers (Not For Public Use)"},{"service":"193","name":"🔥👥 Instagram 𝗩𝗘𝗥𝗜𝗙𝗜𝗘𝗗 Followers (𝗕𝗹𝘂𝗲 𝗧𝗶𝗰𝗸) [2 Followers] ✅","type":"Default","rate":"14.76","min":"1000","max":"1000","dripfeed":false,"refill":false,"category":"Private Resellers (Not For Public Use)"},{"service":"194","name":"🔥👥 Instagram 𝗩𝗘𝗥𝗜𝗙𝗜𝗘𝗗 Followers (𝗕𝗹𝘂𝗲 𝗧𝗶𝗰𝗸) [3 Followers] ✅","type":"Default","rate":"21.59","min":"1000","max":"1000","dripfeed":false,"refill":false,"category":"Private Resellers (Not For Public Use)"},{"service":"195","name":"🔥👥 Instagram 𝗩𝗘𝗥𝗜𝗙𝗜𝗘𝗗 Followers (𝗕𝗹𝘂𝗲 𝗧𝗶𝗰𝗸) [4 Followers] ✅","type":"Default","rate":"27.19","min":"1000","max":"1000","dripfeed":false,"refill":false,"category":"Private Resellers (Not For Public Use)"},{"service":"196","name":"🔥👥 Instagram 𝗩𝗘𝗥𝗜𝗙𝗜𝗘𝗗 Followers (𝗕𝗹𝘂𝗲 𝗧𝗶𝗰𝗸) [5 Followers] ✅","type":"Default","rate":"35.12","min":"1000","max":"1000","dripfeed":false,"refill":false,"category":"Private Resellers (Not For Public Use)"},{"service":"197","name":"🔥👥 Instagram 𝗩𝗘𝗥𝗜𝗙𝗜𝗘𝗗 Followers (𝗕𝗹𝘂𝗲 𝗧𝗶𝗰𝗸) [10 Followers] ✅","type":"Default","rate":"76.25","min":"1000","max":"1000","dripfeed":false,"refill":false,"category":"Private Resellers (Not For Public Use)"},{"service":"177","name":"🔥💬 Instagram Comment By 𝗩𝗲𝗿𝗶𝗳𝗶𝗲𝗱 𝗨𝘀𝗲𝗿𝘀 [1 Random Comment] (𝟭 𝗢𝗿𝗱𝗲𝗿 𝗣𝗲𝗿 𝗣𝗼𝘀𝘁) ✅","type":"Default","rate":"1.875","min":"1000","max":"1000","dripfeed":false,"refill":false,"category":"Private Resellers (Not For Public Use)"},{"service":"172","name":"🔥💬 Instagram Comment By 𝗩𝗲𝗿𝗶𝗳𝗶𝗲𝗱 𝗨𝘀𝗲𝗿𝘀 [1 Random Comment] ✅","type":"Default","rate":"2.00","min":"1000","max":"1000","dripfeed":false,"refill":false,"category":"Private Resellers (Not For Public Use)"},{"service":"173","name":"3 verified comments","type":"Default","rate":"5.80","min":"1000","max":"1000","dripfeed":false,"refill":false,"category":"Private Resellers (Not For Public Use)"},{"service":"174","name":"🔥💬 Instagram Comment By 𝗩𝗲𝗿𝗶𝗳𝗶𝗲𝗱 𝗨𝘀𝗲𝗿𝘀 [6 Random Comments] ✅","type":"Default","rate":"10.00","min":"1000","max":"1000","dripfeed":false,"refill":false,"category":"Private Resellers (Not For Public Use)"},{"service":"175","name":"🔥💬 Instagram Comment By 𝗩𝗲𝗿𝗶𝗳𝗶𝗲𝗱 𝗨𝘀𝗲𝗿𝘀 [10 Random Comments] ✅","type":"Default","rate":"16.00","min":"1000","max":"10000","dripfeed":false,"refill":false,"category":"Private Resellers (Not For Public Use)"},{"service":"176","name":"🔥💬 Instagram Comment By 𝗩𝗲𝗿𝗶𝗳𝗶𝗲𝗱 𝗨𝘀𝗲𝗿𝘀 [Custom Comments] ($2.25 𝗣𝗲𝗿 𝗖𝗼𝗺𝗺𝗲𝗻𝘁) ✅","type":"Custom Comments","rate":"2250.00","min":"1","max":"10","dripfeed":false,"refill":false,"category":"Private Resellers (Not For Public Use)"},{"service":"364","name":"Instagram Targeted Comments From USA/UK [Quality Under Testing]","type":"Default","rate":"65.00","min":"5","max":"1000","dripfeed":false,"refill":false,"category":"Private Resellers (Not For Public Use)"},{"service":"374","name":"🔗 API TEST [NO CREDIT REQUIRED]","type":"Default","rate":"0.00","min":"5","max":"100","dripfeed":false,"refill":false,"category":"Private Resellers (Not For Public Use)"},{"service":"515","name":"custom comment","type":"Custom Comments","rate":"1.00","min":"1","max":"10","dripfeed":false,"refill":false,"category":"Private Resellers (Not For Public Use)"},{"service":"518","name":"youtube real likes 30 day refill button fast delivery","type":"Default","rate":"4.90","min":"100","max":"45000","dripfeed":true,"refill":true,"category":"Private Resellers (Not For Public Use)"},{"service":"519","name":"youtube likes 90day refill button hq fast delivery","type":"Default","rate":"9.60","min":"50","max":"100000","dripfeed":true,"refill":true,"category":"Private Resellers (Not For Public Use)"},{"service":"516","name":"youtube likes no refill fast delivery","type":"Default","rate":"0.85","min":"20","max":"100000","dripfeed":true,"refill":false,"category":"Private Resellers (Not For Public Use)"},{"service":"517","name":"youtube likes no refill","type":"Default","rate":"1.20","min":"100","max":"10000","dripfeed":true,"refill":false,"category":"Private Resellers (Not For Public Use)"}]